,Trial,Time,L X Coordinate,L Y Coordinate,R X Coordinate,R Y Coordinate,Label
0,Trial001,4204874933,572.11,343.3,572.11,343.3,Fixation
1,Trial001,4204908549,567.92,338.5,567.92,338.5,Fixation
2,Trial001,4204941726,562.14,338.09,562.14,338.09,Fixation
3,Trial001,4204975049,559.1,338.05,559.1,338.05,Fixation
4,Trial001,4205008407,623.98,528.27,623.98,528.27,Saccade
5,Trial001,4205041591,652.21,526.56,652.21,526.56,Fixation
6,Trial001,4205075006,652.14,384.45,652.14,384.45,Saccade
7,Trial001,4205108393,656.21,343.66,656.21,343.66,Fixation
8,Trial001,4205141698,665.01,338.28,665.01,338.28,Fixation
9,Trial001,4205175035,662.14,337.37,662.14,337.37,Fixation
10,Trial001,4205208380,666.32,341.96,666.32,341.96,Fixation
11,Trial001,4205241691,672.24,170.9,672.24,170.9,Saccade
12,Trial001,4205275024,670.33,116.6,670.33,116.6,Saccade
13,Trial001,4205308765,670.22,112.64,670.22,112.64,Fixation
14,Trial001,4205341678,671.47,111.19,671.47,111.19,Fixation
15,Trial001,4205375005,671.87,105.37,671.87,105.37,Fixation
16,Trial001,4205408341,671.59,105.19,671.59,105.19,Fixation
17,Trial001,4205441670,673.14,103.62,673.14,103.62,Fixation
18,Trial001,4205474998,671.66,102.7,671.66,102.7,Fixation
19,Trial001,4205508333,670.9,98.83,670.9,98.83,Fixation
20,Trial001,4205541728,672.24,102.34,672.24,102.34,Fixation
21,Trial001,4205574984,674.16,100.28,674.16,100.28,Fixation
22,Trial001,4205608316,671.74,96.96,671.74,96.96,Fixation
23,Trial001,4205641661,670.74,96.28,670.74,96.28,Fixation
24,Trial001,4205674841,670.6,97.46,670.6,97.46,Fixation
25,Trial001,4205708292,669.66,103.5,669.66,103.5,Fixation
26,Trial001,4205741635,669.51,505.68,669.51,505.68,Saccade
27,Trial001,4205774956,674.67,507.78,674.67,507.78,Fixation
28,Trial001,4205808303,672.42,506.45,672.42,506.45,Fixation
29,Trial001,4205841492,676.46,506.92,676.46,506.92,Fixation
30,Trial001,4205874823,680.99,505.64,680.99,505.64,Fixation
31,Trial001,4205908273,681.17,503.52,681.17,503.52,Fixation
32,Trial001,4205941574,680.77,503.58,680.77,503.58,Fixation
33,Trial001,4205974935,681.24,504.78,681.24,504.78,Fixation
34,Trial001,4206008270,682.75,504.39,682.75,504.39,Fixation
35,Trial001,4206041599,693.73,508.82,693.73,508.82,Fixation
36,Trial001,4206074931,706.83,517.23,706.83,517.23,Fixation
37,Trial001,4206108263,711.34,522.28,711.34,522.28,Fixation
38,Trial001,4206141464,719.06,527.04,719.06,527.04,Fixation
39,Trial001,4206174796,716.59,530.11,716.59,530.11,Fixation
40,Trial001,4206208251,725.45,536.74,725.45,536.74,Fixation
41,Trial001,4206241672,723.41,536.13,723.41,536.13,Fixation
42,Trial001,4206274915,762.26,595.26,762.26,595.26,Saccade
43,Trial001,4206308241,761.21,588.27,761.21,588.27,Fixation
44,Trial001,4206341591,777.29,598.37,777.29,598.37,Fixation
45,Trial001,4206374900,781.68,591.91,781.68,591.91,Fixation
46,Trial001,4206408231,782.14,600.24,782.14,600.24,Fixation
47,Trial001,4206441478,777.52,604.34,777.52,604.34,Fixation
48,Trial001,4206474890,786.42,604.11,786.42,604.11,Fixation
49,Trial001,4206508098,753.77,546.94,753.77,546.94,Saccade
50,Trial001,4206541476,737.54,467.04,737.54,467.04,Saccade
51,Trial001,4206574881,727.01,455.46,727.01,455.46,Fixation
52,Trial001,4206608210,728.4,451.61,728.4,451.61,Fixation
53,Trial001,4206641568,718.93,450.61,718.93,450.61,Fixation
54,Trial001,4206674752,716.17,450.16,716.17,450.16,Fixation
55,Trial001,4206708182,719.43,446.31,719.43,446.31,Fixation
56,Trial001,4206741399,715.56,445.25,715.56,445.25,Fixation
57,Trial001,4206774812,715.78,444.87,715.78,444.87,Fixation
58,Trial001,4206808074,708.86,444.6,708.86,444.6,Fixation
59,Trial001,4206841446,711.26,444.65,711.26,444.65,Fixation
60,Trial001,4206874834,710.57,446.11,710.57,446.11,Fixation
61,Trial001,4206908167,717.11,498.36,717.11,498.36,Saccade
62,Trial001,4206941499,768.66,676.97,768.66,676.97,Saccade
63,Trial001,4206974824,768.71,678.62,768.71,678.62,Fixation
64,Trial001,4207008032,762.75,675.71,762.75,675.71,Fixation
65,Trial001,4207041663,779.91,672.88,779.91,672.88,Fixation
66,Trial001,4207074823,771.77,670.5,771.77,670.5,Fixation
67,Trial001,4207108154,779.62,671.63,779.62,671.63,Fixation
68,Trial001,4207141516,786.88,665.75,786.88,665.75,Fixation
69,Trial001,4207174814,786.09,661.33,786.09,661.33,Fixation
70,Trial001,4207208140,789.96,659.01,789.96,659.01,Fixation
71,Trial001,4207241522,790.21,655.32,790.21,655.32,Fixation
72,Trial001,4207274806,791.61,659.03,791.61,659.03,Fixation
73,Trial001,4207308133,801.37,396.37,801.37,396.37,Saccade
74,Trial001,4207341494,803.6,385.44,803.6,385.44,Fixation
75,Trial001,4207374793,808.63,381.49,808.63,381.49,Fixation
76,Trial001,4207408120,807.18,374.57,807.18,374.57,Fixation
77,Trial001,4207441433,811.99,366.96,811.99,366.96,Fixation
78,Trial001,4207474658,801.47,339.31,801.47,339.31,Fixation
79,Trial001,4207508110,798.99,326.8,798.99,326.8,Fixation
80,Trial001,4207541430,797.31,320.81,797.31,320.81,Fixation
81,Trial001,4207574646,795.53,320.67,795.53,320.67,Fixation
82,Trial001,4207608102,677.31,451.87,677.31,451.87,Saccade
83,Trial001,4207641433,682.57,466.2,682.57,466.2,Fixation
84,Trial001,4207674766,683.67,466.47,683.67,466.47,Fixation
85,Trial001,4207708090,682.57,467.43,682.57,467.43,Fixation
86,Trial001,4207741435,682.78,465.58,682.78,465.58,Fixation
87,Trial001,4207774629,680.26,466.82,680.26,466.82,Fixation
88,Trial001,4207807969,679.37,466.49,679.37,466.49,Fixation
89,Trial001,4207841366,684.22,465.24,684.22,465.24,Fixation
90,Trial001,4207874728,684.4,464.48,684.4,464.48,Fixation
91,Trial001,4207908062,689.94,463.52,689.94,463.52,Fixation
92,Trial001,4207941400,686.23,463.05,686.23,463.05,Fixation
93,Trial001,4207974731,682.54,518.59,682.54,518.59,Saccade
94,Trial001,4208007924,682.39,640.25,682.39,640.25,Saccade
95,Trial001,4208041260,684.4,654.01,684.4,654.01,Fixation
96,Trial001,4208074725,680.63,650.88,680.63,650.88,Fixation
97,Trial001,4208108040,681.43,651.47,681.43,651.47,Fixation
98,Trial001,4208141373,680.37,650.43,680.37,650.43,Fixation
99,Trial001,4208174713,680.67,650.38,680.67,650.38,Fixation
100,Trial001,4208208037,647.82,648.44,647.82,648.44,Fixation
101,Trial001,4208241365,647.05,645.6,647.05,645.6,Fixation
102,Trial001,4208274698,635.57,642.93,635.57,642.93,Fixation
103,Trial001,4208308026,648.39,639.51,648.39,639.51,Fixation
104,Trial001,4208341356,637.24,641.11,637.24,641.11,Fixation
105,Trial001,4208374688,708.62,634.87,708.62,634.87,Saccade
106,Trial001,4208408014,731.45,631.14,731.45,631.14,Fixation
107,Trial001,4208441342,732.83,630.13,732.83,630.13,Fixation
108,Trial001,4208474554,740.38,627.02,740.38,627.02,Fixation
109,Trial001,4208508003,738.87,624.71,738.87,624.71,Fixation
110,Trial001,4208541735,754.09,626.2,754.09,626.2,Fixation
111,Trial001,4208574677,756.66,624.69,756.66,624.69,Fixation
112,Trial001,4208607993,759.33,625.99,759.33,625.99,Fixation
113,Trial001,4208641207,761.3,627.19,761.3,627.19,Fixation
114,Trial001,4208674667,763.5,627.33,763.5,627.33,Fixation
115,Trial001,4208707988,798.51,688.41,798.51,688.41,Saccade
116,Trial001,4208741309,820.9,704.92,820.9,704.92,Fixation
117,Trial001,4208774771,823.15,699.68,823.15,699.68,Fixation
118,Trial001,4208807970,829.91,705.93,829.91,705.93,Fixation
119,Trial001,4208841299,831.47,705.37,831.47,705.37,Fixation
120,Trial001,4208874784,823.95,709.79,823.95,709.79,Fixation
121,Trial001,4208907914,830.91,382.39,830.91,382.39,Saccade
122,Trial001,4208941173,826.04,375.65,826.04,375.65,Fixation
123,Trial001,4208974609,828.51,376.07,828.51,376.07,Fixation
124,Trial001,4209007940,830.07,377.62,830.07,377.62,Fixation
125,Trial001,4209041271,830.14,377.12,830.14,377.12,Fixation
126,Trial001,4209074596,827.95,374.41,827.95,374.41,Fixation
127,Trial001,4209107936,807.69,291.97,807.69,291.97,Saccade
128,Trial001,4209141260,795.42,281.96,795.42,281.96,Fixation
129,Trial001,4209174465,799.41,272.22,799.41,272.22,Fixation
130,Trial001,4209207931,789.65,273.78,789.65,273.78,Fixation
131,Trial001,4209241136,792.19,276.63,792.19,276.63,Fixation
132,Trial001,4209274608,787.28,273.25,787.28,273.25,Fixation
133,Trial001,4209307919,794.57,282.98,794.57,282.98,Fixation
134,Trial001,4209341246,789.74,283.1,789.74,283.1,Fixation
135,Trial001,4209374619,787.36,282.25,787.36,282.25,Fixation
136,Trial001,4209407909,785.61,277.45,785.61,277.45,Fixation
137,Trial001,4209441234,786.91,277.96,786.91,277.96,Fixation
138,Trial001,4209474645,787.87,279.58,787.87,279.58,Fixation
139,Trial001,4209507893,789.61,280.05,789.61,280.05,Fixation
140,Trial001,4209541225,792.47,281.03,792.47,281.03,Fixation
141,Trial001,4209574575,794.38,280.72,794.38,280.72,Fixation
142,Trial001,4209607884,794.96,283.74,794.96,283.74,Fixation
143,Trial001,4209641215,731.34,447.3,731.34,447.3,Saccade
144,Trial001,4209674569,711.37,448.89,711.37,448.89,Fixation
145,Trial001,4209707875,706.8,449.34,706.8,449.34,Fixation
146,Trial001,4209741094,710.89,448.21,710.89,448.21,Fixation
147,Trial001,4209774557,704.78,449.14,704.78,449.14,Fixation
148,Trial001,4209807869,706.65,447.3,706.65,447.3,Fixation
149,Trial001,4209841177,708.85,448.7,708.85,448.7,Fixation
150,Trial001,4209874390,706.87,447.48,706.87,447.48,Fixation
151,Trial001,4209907728,597.2,455.65,597.2,455.65,Saccade
152,Trial001,4209941173,597.3,461.35,597.3,461.35,Fixation
153,Trial001,4209974464,596.42,466.38,596.42,466.38,Fixation
154,Trial001,4210007708,596.76,474.14,596.76,474.14,Fixation
155,Trial001,4210041041,597.82,430.17,597.82,430.17,Fixation
156,Trial001,4210074504,607.75,394.83,607.75,394.83,Fixation
157,Trial001,4210107834,610.96,387.05,610.96,387.05,Fixation
158,Trial001,4210141150,616.62,384.51,616.62,384.51,Fixation
159,Trial001,4210174404,615.03,379.01,615.03,379.01,Fixation
160,Trial001,4210207824,684.02,460.84,684.02,460.84,Saccade
161,Trial001,4210241138,679.31,454.04,679.31,454.04,Fixation
162,Trial001,4210274361,689.93,452.68,689.93,452.68,Fixation
163,Trial001,4210307687,686.09,453.19,686.09,453.19,Fixation
164,Trial001,4210341132,684.52,444.95,684.52,444.95,Fixation
165,Trial001,4210374466,686.84,441.8,686.84,441.8,Fixation
166,Trial001,4210407835,686.1,448.68,686.1,448.68,Fixation
167,Trial001,4210441124,688.01,447.27,688.01,447.27,Fixation
168,Trial001,4210474338,689.11,450.03,689.11,450.03,Fixation
169,Trial001,4210507800,689.59,449.6,689.59,449.6,Fixation
170,Trial001,4210541116,690.22,449.72,690.22,449.72,Fixation
171,Trial001,4210574447,688.51,450.1,688.51,450.1,Fixation
172,Trial001,4210607655,597.39,462.31,597.39,462.31,Saccade
173,Trial001,4210640986,578.78,476.09,578.78,476.09,Fixation
174,Trial001,4210674440,580.65,476.29,580.65,476.29,Fixation
175,Trial001,4210707773,576.95,477.76,576.95,477.76,Fixation
176,Trial001,4210741098,578.91,480.29,578.91,480.29,Fixation
177,Trial001,4210774429,578.53,483.06,578.53,483.06,Fixation
178,Trial001,4210807791,577.8,484.09,577.8,484.09,Fixation
179,Trial001,4210841076,578.47,489.29,578.47,489.29,Fixation
180,Trial001,4210874410,577.75,491.09,577.75,491.09,Fixation
181,Trial001,4210907732,577.85,490.33,577.85,490.33,Fixation
182,Trial001,4210941075,580.18,493.68,580.18,493.68,Fixation
183,Trial001,4210974284,588.56,545.61,588.56,545.61,Saccade
184,Trial001,4211007635,642.04,639.9,642.04,639.9,Saccade
185,Trial001,4211041018,644.47,639.75,644.47,639.75,Fixation
186,Trial001,4211074276,654.27,640.91,654.27,640.91,Fixation
187,Trial001,4211107713,663.8,641.44,663.8,641.44,Fixation
188,Trial001,4211141048,659.28,645.04,659.28,645.04,Fixation
189,Trial001,4211174373,664.66,645.73,664.66,645.73,Fixation
190,Trial001,4211207698,828.98,670.77,828.98,670.77,Saccade
191,Trial001,4211241037,825.15,687.81,825.15,687.81,Fixation
192,Trial001,4211274364,828.37,680.15,828.37,680.15,Fixation
193,Trial001,4211307694,829.62,689.0,829.62,689.0,Fixation
194,Trial001,4211341032,840.8,278.19,840.8,278.19,Saccade
195,Trial001,4211374357,833.08,263.06,833.08,263.06,Fixation
196,Trial001,4211407707,830.86,255.4,830.86,255.4,Fixation
197,Trial001,4211441658,827.57,255.78,827.57,255.78,Fixation
198,Trial001,4211474227,825.73,257.47,825.73,257.47,Fixation
199,Trial001,4211507709,828.36,257.28,828.36,257.28,Fixation
200,Trial001,4211541003,766.47,151.89,766.47,151.89,Saccade
201,Trial001,4211574329,765.22,151.37,765.22,151.37,Fixation
202,Trial001,4211607553,765.75,152.69,765.75,152.69,Fixation
203,Trial001,4211640882,762.03,154.39,762.03,154.39,Fixation
204,Trial001,4211674327,759.29,157.02,759.29,157.02,Fixation
205,Trial001,4211707545,741.52,163.64,741.52,163.64,Fixation
206,Trial001,4211740870,738.52,160.54,738.52,160.54,Fixation
207,Trial001,4211774549,734.27,161.57,734.27,161.57,Fixation
208,Trial001,4211807803,700.15,163.08,700.15,163.08,Fixation
209,Trial001,4211840976,634.76,162.08,634.76,162.08,Saccade
210,Trial001,4211874537,625.21,161.36,625.21,161.36,Fixation
211,Trial001,4211907877,622.26,164.06,622.26,164.06,Fixation
212,Trial001,4211941195,623.35,165.19,623.35,165.19,Fixation
213,Trial001,4211974172,621.38,168.37,621.38,168.37,Fixation
214,Trial001,4212007856,555.93,323.57,555.93,323.57,Saccade
215,Trial001,4212041153,572.84,560.19,572.84,560.19,Saccade
216,Trial001,4212074503,561.6,565.2,561.6,565.2,Fixation
217,Trial001,4212107462,554.71,561.83,554.71,561.83,Fixation
218,Trial001,4212141284,562.89,560.24,562.89,560.24,Fixation
219,Trial001,4212174165,565.11,562.18,565.11,562.18,Fixation
220,Trial001,4212207484,561.25,562.21,561.25,562.21,Fixation
221,Trial001,4212240939,557.91,561.58,557.91,561.58,Fixation
222,Trial001,4212274264,557.82,564.1,557.82,564.1,Fixation
223,Trial001,4212307596,551.19,653.44,551.19,653.44,Saccade
224,Trial001,4212340934,547.38,647.08,547.38,647.08,Fixation
225,Trial001,4212374317,546.3,659.66,546.3,659.66,Fixation
226,Trial001,4212407584,543.95,652.28,543.95,652.28,Fixation
227,Trial001,4212440921,541.05,652.65,541.05,652.65,Fixation
228,Trial001,4212474242,466.8,663.4,466.8,663.4,Saccade
229,Trial001,4212507580,436.77,666.3,436.77,666.3,Fixation
230,Trial001,4212540783,430.66,667.24,430.66,667.24,Fixation
231,Trial001,4212574234,429.63,670.18,429.63,670.18,Fixation
232,Trial001,4212607564,425.93,669.79,425.93,669.79,Fixation
233,Trial001,4212640937,428.74,663.58,428.74,663.58,Fixation
234,Trial001,4212674100,435.98,659.07,435.98,659.07,Fixation
235,Trial001,4212707549,431.37,660.06,431.37,660.06,Fixation
236,Trial001,4212740768,433.91,655.94,433.91,655.94,Fixation
237,Trial001,4212774212,435.94,658.15,435.94,658.15,Fixation
238,Trial001,4212807538,431.65,653.5,431.65,653.5,Fixation
239,Trial001,4212841189,431.4,652.45,431.4,652.45,Fixation
240,Trial001,4212874195,439.24,662.21,439.24,662.21,Fixation
241,Trial001,4212907530,443.06,663.59,443.06,663.59,Fixation
242,Trial001,4212940880,447.27,665.7,447.27,665.7,Fixation
243,Trial001,4212974186,451.86,664.1,451.86,664.1,Fixation
244,Trial001,4213007518,456.44,668.0,456.44,668.0,Fixation
245,Trial001,4213040720,459.35,676.22,459.35,676.22,Fixation
246,Trial001,4213074179,457.43,675.88,457.43,675.88,Fixation
247,Trial001,4213107511,464.84,674.12,464.84,674.12,Fixation
248,Trial001,4213140761,466.6,679.4,466.6,679.4,Fixation
249,Trial001,4213174125,497.52,671.62,497.52,671.62,Fixation
250,Trial001,4213207486,521.3,669.63,521.3,669.63,Fixation
251,Trial001,4213240838,521.46,655.54,521.46,655.54,Fixation
252,Trial001,4213274149,523.53,659.99,523.53,659.99,Fixation
253,Trial001,4213307477,530.07,651.03,530.07,651.03,Fixation
254,Trial001,4213340699,531.76,645.47,531.76,645.47,Fixation
255,Trial001,4213374135,534.26,643.42,534.26,643.42,Fixation
256,Trial001,4213407471,536.29,639.98,536.29,639.98,Fixation
257,Trial001,4213440786,535.38,641.02,535.38,641.02,Fixation
258,Trial001,4213474134,538.54,636.85,538.54,636.85,Fixation
259,Trial001,4213507464,538.86,635.2,538.86,635.2,Fixation
260,Trial001,4213540815,538.59,633.83,538.59,633.83,Fixation
261,Trial001,4213574002,538.43,632.85,538.43,632.85,Fixation
262,Trial001,4213607330,539.07,632.13,539.07,632.13,Fixation
263,Trial001,4213640805,538.82,630.72,538.82,630.72,Fixation
264,Trial001,4213674113,539.68,631.78,539.68,631.78,Fixation
265,Trial001,4213707326,540.0,632.35,540.0,632.35,Fixation
266,Trial001,4213740658,539.11,632.37,539.11,632.37,Fixation
267,Trial001,4213774104,538.39,632.6,538.39,632.6,Fixation
268,Trial001,4213807306,539.6,633.04,539.6,633.04,Fixation
269,Trial001,4213840793,579.67,682.06,579.67,682.06,Saccade
270,Trial001,4213874088,598.06,672.49,598.06,672.49,Fixation
271,Trial001,4213907419,602.41,687.73,602.41,687.73,Fixation
272,Trial001,4213940783,600.83,683.32,600.83,683.32,Fixation
273,Trial001,4213974078,599.89,690.05,599.89,690.05,Fixation
274,Trial001,4214007414,605.3,693.29,605.3,693.29,Fixation
275,Trial001,4214040777,603.46,652.68,603.46,652.68,Fixation
276,Trial001,4214073947,608.81,648.89,608.81,648.89,Fixation
277,Trial001,4214107399,608.95,651.74,608.95,651.74,Fixation
278,Trial001,4214140765,611.29,649.04,611.29,649.04,Fixation
279,Trial001,4214174057,611.61,644.54,611.61,644.54,Fixation
280,Trial001,4214207241,611.2,649.53,611.2,649.53,Fixation
281,Trial001,4214240679,611.89,648.49,611.89,648.49,Fixation
282,Trial001,4214274038,611.21,645.09,611.21,645.09,Fixation
283,Trial001,4214307373,611.01,642.55,611.01,642.55,Fixation
284,Trial001,4214340579,591.46,660.02,591.46,660.02,Fixation
285,Trial001,4214374040,414.55,689.39,414.55,689.39,Saccade
286,Trial001,4214407367,402.22,694.88,402.22,694.88,Fixation
287,Trial001,4214440699,402.34,689.89,402.34,689.89,Fixation
288,Trial001,4214474002,398.22,694.29,398.22,694.29,Fixation
289,Trial001,4214507343,396.72,698.76,396.72,698.76,Fixation
290,Trial001,4214540692,393.77,705.13,393.77,705.13,Fixation
291,Trial001,4214574026,395.03,701.89,395.03,701.89,Fixation
292,Trial001,4214607346,394.66,704.67,394.66,704.67,Fixation
293,Trial001,4214640681,391.88,705.7,391.88,705.7,Fixation
294,Trial001,4214673878,392.64,705.24,392.64,705.24,Fixation
295,Trial001,4214707339,391.5,706.68,391.5,706.68,Fixation
296,Trial001,4214740662,389.4,613.88,389.4,613.88,Saccade
297,Trial001,4214773882,437.06,642.95,437.06,642.95,Saccade
298,Trial001,4214807202,464.61,648.18,464.61,648.18,Fixation
299,Trial001,4214840656,471.31,640.01,471.31,640.01,Fixation
300,Trial001,4214873992,469.99,635.87,469.99,635.87,Fixation
301,Trial001,4214907367,468.67,634.27,468.67,634.27,Fixation
302,Trial001,4214940636,474.04,635.05,474.04,635.05,Fixation
303,Trial001,4214973993,474.28,633.29,474.28,633.29,Fixation
304,Trial001,4215007302,505.49,628.07,505.49,628.07,Fixation
305,Trial001,4215040636,542.78,625.99,542.78,625.99,Fixation
306,Trial001,4215074294,535.65,625.87,535.65,625.87,Fixation
307,Trial001,4215107624,542.96,626.48,542.96,626.48,Fixation
308,Trial001,4215140969,542.95,626.87,542.95,626.87,Fixation
309,Trial001,4215174283,551.56,624.39,551.56,624.39,Fixation
310,Trial001,4215207614,460.02,430.67,460.02,430.67,Saccade
311,Trial001,4215240949,410.13,418.86,410.13,418.86,Saccade
312,Trial001,4215273919,400.62,415.22,400.62,415.22,Fixation
313,Trial001,4215307152,396.93,415.72,396.93,415.72,Fixation
314,Trial001,4215340600,395.56,414.44,395.56,414.44,Fixation
315,Trial001,4215373977,393.61,413.7,393.61,413.7,Fixation
316,Trial001,4215407259,390.24,413.68,390.24,413.68,Fixation
317,Trial001,4215440590,393.51,416.16,393.51,416.16,Fixation
318,Trial001,4215473931,399.07,414.47,399.07,414.47,Fixation
319,Trial001,4215507212,409.16,413.26,409.16,413.26,Fixation
320,Trial001,4215540579,406.64,413.69,406.64,413.69,Fixation
321,Trial001,4215573840,406.12,411.81,406.12,411.81,Fixation
322,Trial001,4215607235,382.64,441.96,382.64,441.96,Fixation
323,Trial001,4215640564,373.25,449.96,373.25,449.96,Fixation
324,Trial001,4215673908,370.76,462.97,370.76,462.97,Fixation
325,Trial001,4215707227,366.26,468.8,366.26,468.8,Fixation
326,Trial001,4215740558,359.96,465.24,359.96,465.24,Fixation
327,Trial001,4215773903,362.56,470.77,362.56,470.77,Fixation
328,Trial001,4215807213,418.11,334.77,418.11,334.77,Saccade
329,Trial001,4215840762,431.37,201.76,431.37,201.76,Saccade
330,Trial001,4215873895,432.84,200.04,432.84,200.04,Fixation
331,Trial001,4215907206,436.88,197.95,436.88,197.95,Fixation
332,Trial001,4215940535,439.34,194.16,439.34,194.16,Fixation
333,Trial001,4215973911,439.92,198.37,439.92,198.37,Fixation
334,Trial001,4216007072,436.94,199.46,436.94,199.46,Fixation
335,Trial001,4216040526,440.63,202.23,440.63,202.23,Fixation
336,Trial001,4216074271,439.57,202.11,439.57,202.11,Fixation
337,Trial001,4216107184,439.72,206.27,439.72,206.27,Fixation
338,Trial001,4216140511,440.2,208.18,440.2,208.18,Fixation
339,Trial001,4216173850,441.14,208.8,441.14,208.8,Fixation
340,Trial001,4216207175,441.74,212.01,441.74,212.01,Fixation
341,Trial001,4216240502,441.32,211.94,441.32,211.94,Fixation
342,Trial001,4216273874,441.14,210.27,441.14,210.27,Fixation
343,Trial001,4216307168,441.05,216.23,441.05,216.23,Fixation
344,Trial001,4216340357,441.09,217.39,441.09,217.39,Fixation
345,Trial001,4216373687,441.26,217.62,441.26,217.62,Fixation
346,Trial001,4216406998,422.66,136.68,422.66,136.68,Saccade
347,Trial001,4216440474,408.3,119.58,408.3,119.58,Fixation
348,Trial001,4216473681,413.71,115.78,413.71,115.78,Fixation
349,Trial001,4216507134,400.7,117.29,400.7,117.29,Fixation
350,Trial001,4216540347,395.78,117.73,395.78,117.73,Fixation
351,Trial001,4216573797,392.22,116.94,392.22,116.94,Fixation
352,Trial001,4216607126,421.52,211.72,421.52,211.72,Saccade
353,Trial001,4216640450,429.61,219.56,429.61,219.56,Fixation
354,Trial001,4216673810,423.08,218.06,423.08,218.06,Fixation
355,Trial001,4216707131,432.48,217.77,432.48,217.77,Fixation
356,Trial001,4216740445,436.61,215.61,436.61,215.61,Fixation
357,Trial001,4216774190,439.61,217.87,439.61,217.87,Fixation
358,Trial001,4216806982,579.12,214.99,579.12,214.99,Saccade
359,Trial001,4216840435,579.28,212.55,579.28,212.55,Fixation
360,Trial001,4216873769,581.9,214.3,581.9,214.3,Fixation
361,Trial001,4216906968,582.38,213.38,582.38,213.38,Fixation
362,Trial001,4216940427,583.4,213.29,583.4,213.29,Fixation
363,Trial001,4216973759,585.21,213.78,585.21,213.78,Fixation
364,Trial001,4217007008,584.37,212.05,584.37,212.05,Fixation
365,Trial001,4217040419,583.31,200.95,583.31,200.95,Fixation
366,Trial001,4217073744,580.14,64.75,580.14,64.75,Saccade
367,Trial001,4217106960,576.8,55.22,576.8,55.22,Fixation
368,Trial001,4217140407,574.1,54.86,574.1,54.86,Fixation
369,Trial001,4217173735,568.99,53.48,568.99,53.48,Fixation
370,Trial001,4217206949,566.27,53.26,566.27,53.26,Fixation
371,Trial001,4217240561,564.16,55.38,564.16,55.38,Fixation
372,Trial001,4217273721,561.89,55.99,561.89,55.99,Fixation
373,Trial001,4217307070,568.29,53.48,568.29,53.48,Fixation
374,Trial001,4217340382,646.2,51.34,646.2,51.34,Saccade
375,Trial001,4217373714,655.15,52.02,655.15,52.02,Fixation
376,Trial001,4217406941,653.14,49.89,653.14,49.89,Fixation
377,Trial001,4217440301,659.26,46.88,659.26,46.88,Fixation
378,Trial001,4217473701,655.49,44.68,655.49,44.68,Fixation
379,Trial001,4217506899,656.07,42.28,656.07,42.28,Fixation
380,Trial001,4217540365,657.48,40.8,657.48,40.8,Fixation
381,Trial001,4217573693,657.97,44.67,657.97,44.67,Fixation
382,Trial001,4217607058,621.41,194.49,621.41,194.49,Saccade
383,Trial001,4217640355,629.43,188.65,629.43,188.65,Fixation
384,Trial001,4217673681,630.6,190.99,630.6,190.99,Fixation
385,Trial001,4217707041,621.57,188.85,621.57,188.85,Fixation
386,Trial001,4217740341,620.63,190.06,620.63,190.06,Fixation
387,Trial001,4217773667,617.54,190.42,617.54,190.42,Fixation
388,Trial001,4217808081,616.06,181.49,616.06,181.49,Fixation
389,Trial001,4217840661,616.1,177.04,616.1,177.04,Fixation
390,Trial001,4217874011,613.11,170.26,613.11,170.26,Fixation
391,Trial001,4217906878,612.52,172.32,612.52,172.32,Fixation
392,Trial001,4217940659,610.9,169.22,610.9,169.22,Fixation
393,Trial001,4217974014,612.01,167.69,612.01,167.69,Fixation
394,Trial001,4218007319,612.32,165.83,612.32,165.83,Fixation
395,Trial001,4218040194,612.15,162.65,612.15,162.65,Fixation
396,Trial001,4218073985,612.49,163.18,612.49,163.18,Fixation
397,Trial001,4218106997,613.31,160.41,613.31,160.41,Fixation
398,Trial001,4218140295,613.09,158.16,613.09,158.16,Fixation
399,Trial001,4218173625,613.17,158.68,613.17,158.68,Fixation
400,Trial001,4218206994,604.25,162.47,604.25,162.47,Fixation
401,Trial001,4218240286,600.63,168.14,600.63,168.14,Fixation
402,Trial001,4218273639,595.73,173.12,595.73,173.12,Fixation
403,Trial001,4218306989,591.03,179.67,591.03,179.67,Fixation
404,Trial001,4218340277,589.66,186.93,589.66,186.93,Fixation
405,Trial001,4218373605,588.11,186.8,588.11,186.8,Fixation
406,Trial001,4218406978,587.15,188.52,587.15,188.52,Fixation
407,Trial001,4218440248,589.48,190.74,589.48,190.74,Fixation
408,Trial001,4218473481,601.7,174.02,601.7,174.02,Fixation
409,Trial001,4218506836,607.21,173.08,607.21,173.08,Fixation
410,Trial001,4218540244,612.87,172.42,612.87,172.42,Fixation
411,Trial001,4218573452,618.46,168.35,618.46,168.35,Fixation
412,Trial001,4218606789,614.45,170.84,614.45,170.84,Fixation
413,Trial001,4218640236,621.21,161.38,621.21,161.38,Fixation
414,Trial001,4218673568,625.07,157.84,625.07,157.84,Fixation
415,Trial001,4218706894,635.88,77.45,635.88,77.45,Saccade
416,Trial001,4218740113,642.75,60.77,642.75,60.77,Fixation
417,Trial001,4218773553,650.61,71.87,650.61,71.87,Fixation
418,Trial001,4218806769,648.76,63.82,648.76,63.82,Fixation
419,Trial001,4218840225,650.78,60.49,650.78,60.49,Fixation
420,Trial001,4218873548,659.92,77.99,659.92,77.99,Fixation
421,Trial001,4218906874,681.15,131.43,681.15,131.43,Saccade
422,Trial001,4218940224,688.51,138.9,688.51,138.9,Fixation
423,Trial001,4218973455,686.06,123.84,686.06,123.84,Fixation
424,Trial001,4219006873,691.94,122.16,691.94,122.16,Fixation
425,Trial001,4219040087,695.52,128.79,695.52,128.79,Fixation
426,Trial001,4219073405,702.56,127.22,702.56,127.22,Fixation
427,Trial001,4219106862,700.6,130.71,700.6,130.71,Fixation
428,Trial001,4219140075,731.01,138.73,731.01,138.73,Fixation
429,Trial001,4219173523,742.31,141.37,742.31,141.37,Fixation
430,Trial001,4219206850,739.72,141.82,739.72,141.82,Fixation
431,Trial001,4219240092,729.72,143.18,729.72,143.18,Fixation
432,Trial001,4219273510,719.33,145.39,719.33,145.39,Fixation
433,Trial001,4219306841,723.07,145.54,723.07,145.54,Fixation
434,Trial001,4219340166,686.73,148.91,686.73,148.91,Fixation
435,Trial001,4219373498,630.46,151.08,630.46,151.08,Saccade
436,Trial001,4219406830,618.63,151.42,618.63,151.42,Fixation
437,Trial001,4219440159,621.97,153.74,621.97,153.74,Fixation
438,Trial001,4219473488,619.69,153.85,619.69,153.85,Fixation
439,Trial001,4219506817,619.82,153.79,619.82,153.79,Fixation
440,Trial001,4219540057,655.62,55.21,655.62,55.21,Saccade
441,Trial001,4219573323,676.89,48.09,676.89,48.09,Fixation
442,Trial001,4219606769,653.65,46.17,653.65,46.17,Fixation
443,Trial001,4219640165,659.02,45.3,659.02,45.3,Fixation
444,Trial001,4219673464,661.84,45.34,661.84,45.34,Fixation
445,Trial001,4219706796,664.47,44.47,664.47,44.47,Fixation
446,Trial001,4219740156,664.97,44.74,664.97,44.74,Fixation
447,Trial001,4219773571,666.31,42.97,666.31,42.97,Fixation
448,Trial001,4219806784,667.71,42.0,667.71,42.0,Fixation
449,Trial001,4219840154,669.08,42.34,669.08,42.34,Fixation
450,Trial001,4219873442,669.65,41.99,669.65,41.99,Fixation
451,Trial001,4219907018,669.44,41.7,669.44,41.7,Fixation
452,Trial001,4219940375,668.29,40.44,668.29,40.44,Fixation
453,Trial001,4219973330,667.86,40.54,667.86,40.54,Fixation
454,Trial001,4220007106,669.64,40.74,669.64,40.74,Fixation
455,Trial001,4220040427,668.9,38.63,668.9,38.63,Fixation
456,Trial001,4220073756,668.17,38.51,668.17,38.51,Fixation
457,Trial001,4220107096,667.18,38.47,667.18,38.47,Fixation
458,Trial001,4220140414,875.99,93.34,875.99,93.34,Saccade
459,Trial001,4220173842,876.31,128.32,876.31,128.32,Fixation
460,Trial001,4220207082,878.03,128.87,878.03,128.87,Fixation
461,Trial001,4220240417,877.21,114.93,877.21,114.93,Fixation
462,Trial001,4220273838,877.24,127.89,877.24,127.89,Fixation
463,Trial001,4220307070,878.51,125.08,878.51,125.08,Fixation
464,Trial001,4220340422,877.44,124.19,877.44,124.19,Fixation
465,Trial001,4220373266,878.58,125.81,878.58,125.81,Fixation
466,Trial001,4220407135,881.25,126.62,881.25,126.62,Fixation
467,Trial001,4220440408,881.3,124.77,881.3,124.77,Fixation
468,Trial001,4220474311,883.72,123.38,883.72,123.38,Fixation
469,Trial001,4220507051,882.77,125.51,882.77,125.51,Fixation
470,Trial001,4220540415,884.59,124.26,884.59,124.26,Fixation
471,Trial001,4220573791,884.76,122.0,884.76,122.0,Fixation
472,Trial001,4220606636,837.74,263.8,837.74,263.8,Saccade
473,Trial001,4220640080,814.23,270.99,814.23,270.99,Fixation
474,Trial001,4220673354,815.5,274.0,815.5,274.0,Fixation
475,Trial001,4220706642,819.51,271.69,819.51,271.69,Fixation
476,Trial001,4220739895,813.61,270.45,813.61,270.45,Fixation
477,Trial001,4220773238,809.44,275.44,809.44,275.44,Fixation
478,Trial001,4220806669,840.78,375.58,840.78,375.58,Saccade
479,Trial001,4220840005,829.66,389.03,829.66,389.03,Fixation
480,Trial001,4220873345,830.42,392.19,830.42,392.19,Fixation
481,Trial001,4220906553,830.07,396.77,830.07,396.77,Fixation
482,Trial001,4220939883,831.35,397.22,831.35,397.22,Fixation
483,Trial001,4220973322,831.04,401.06,831.04,401.06,Fixation
484,Trial001,4221006538,840.39,673.67,840.39,673.67,Saccade
485,Trial001,4221039985,848.4,695.43,848.4,695.43,Fixation
486,Trial001,4221073197,850.79,701.79,850.79,701.79,Fixation
487,Trial001,4221106641,852.66,701.51,852.66,701.51,Fixation
488,Trial001,4221139970,857.89,702.84,857.89,702.84,Fixation
489,Trial001,4221173174,909.28,699.11,909.28,699.11,Saccade
490,Trial001,4221206629,919.29,698.19,919.29,698.19,Fixation
491,Trial001,4221239954,917.83,698.53,917.83,698.53,Fixation
492,Trial001,4221273197,914.88,697.81,914.88,697.81,Fixation
493,Trial001,4221306614,921.83,696.28,921.83,696.28,Fixation
494,Trial001,4221339948,924.8,696.01,924.8,696.01,Fixation
495,Trial001,4221373194,924.6,697.74,924.6,697.74,Fixation
496,Trial001,4221406601,870.84,698.07,870.84,698.07,Saccade
497,Trial001,4221440173,861.52,697.99,861.52,697.99,Fixation
498,Trial001,4221473255,862.24,697.29,862.24,697.29,Fixation
499,Trial001,4221506826,856.08,697.25,856.08,697.25,Fixation
500,Trial001,4221539926,855.68,697.45,855.68,697.45,Fixation
501,Trial001,4221573253,855.97,699.61,855.97,699.61,Fixation
502,Trial001,4221606584,853.02,700.82,853.02,700.82,Fixation
503,Trial001,4221639915,853.54,701.76,853.54,701.76,Fixation
504,Trial001,4221673208,850.39,704.01,850.39,704.01,Fixation
505,Trial001,4221706503,850.44,496.61,850.44,496.61,Saccade
506,Trial001,4221739772,848.3,407.45,848.3,407.45,Saccade
507,Trial001,4221773231,847.5,404.15,847.5,404.15,Fixation
508,Trial001,4221806561,847.01,397.59,847.01,397.59,Fixation
509,Trial001,4221839894,845.56,400.61,845.56,400.61,Fixation
510,Trial001,4221873242,845.14,402.32,845.14,402.32,Fixation
511,Trial001,4221906553,842.67,400.43,842.67,400.43,Fixation
512,Trial001,4221939888,842.75,402.51,842.75,402.51,Fixation
513,Trial001,4221973271,843.08,401.63,843.08,401.63,Fixation
514,Trial001,4222006549,844.6,401.42,844.6,401.42,Fixation
515,Trial001,4222039875,844.59,401.4,844.59,401.4,Fixation
516,Trial001,4222073089,843.57,400.81,843.57,400.81,Fixation
517,Trial001,4222106538,841.15,399.96,841.15,399.96,Fixation
518,Trial001,4222139745,841.77,399.96,841.77,399.96,Fixation
519,Trial001,4222173271,842.97,399.91,842.97,399.91,Fixation
520,Trial001,4222206404,842.97,399.22,842.97,399.22,Fixation
521,Trial001,4222239856,844.69,397.31,844.69,397.31,Fixation
522,Trial001,4222273061,844.39,398.51,844.39,398.51,Fixation
523,Trial001,4222306505,842.19,398.41,842.19,398.41,Fixation
524,Trial001,4222339843,844.5,397.84,844.5,397.84,Fixation
525,Trial001,4222373188,842.88,397.16,842.88,397.16,Fixation
526,Trial001,4222406383,841.41,395.96,841.41,395.96,Fixation
527,Trial001,4222439838,841.86,395.23,841.86,395.23,Fixation
528,Trial001,4222473176,845.11,401.05,845.11,401.05,Fixation
529,Trial001,4222506494,846.49,404.99,846.49,404.99,Fixation
530,Trial001,4222539820,846.31,408.17,846.31,408.17,Fixation
531,Trial001,4222573218,848.6,430.2,848.6,430.2,Fixation
532,Trial001,4222606482,845.64,611.64,845.64,611.64,Saccade
533,Trial001,4222639814,843.94,735.26,843.94,735.26,Saccade
534,Trial001,4222673024,845.05,713.39,845.05,713.39,Fixation
535,Trial001,4222706474,845.47,704.92,845.47,704.92,Fixation
536,Trial001,4222739766,845.84,702.08,845.84,702.08,Fixation
537,Trial001,4222773061,847.58,702.0,847.58,702.0,Fixation
538,Trial001,4222806412,846.83,704.67,846.83,704.67,Fixation
539,Trial001,4222839780,840.34,704.97,840.34,704.97,Fixation
540,Trial001,4222873168,621.43,711.91,621.43,711.91,Saccade
541,Trial001,4222906401,619.57,715.32,619.57,715.32,Fixation
542,Trial001,4222939775,619.27,712.07,619.27,712.07,Fixation
543,Trial001,4222973145,618.45,713.39,618.45,713.39,Fixation
544,Trial001,4223006310,616.56,712.2,616.56,712.2,Fixation
545,Trial001,4223039761,621.13,639.29,621.13,639.29,Saccade
546,Trial001,4223073139,638.45,518.06,638.45,518.06,Saccade
547,Trial001,4223106431,634.48,514.03,634.48,514.03,Fixation
548,Trial001,4223139752,640.83,511.24,640.83,511.24,Fixation
549,Trial001,4223173125,650.76,511.75,650.76,511.75,Fixation
550,Trial001,4223206419,644.96,510.61,644.96,510.61,Fixation
551,Trial001,4223239744,655.12,509.53,655.12,509.53,Fixation
552,Trial001,4223273187,652.61,508.65,652.61,508.65,Fixation
553,Trial001,4223306288,631.07,532.39,631.07,532.39,Fixation
554,Trial001,4223339742,598.28,643.19,598.28,643.19,Saccade
555,Trial001,4223372944,578.27,639.9,578.27,639.9,Fixation
556,Trial001,4223406268,580.59,643.62,580.59,643.62,Fixation
557,Trial001,4223439727,573.99,646.75,573.99,646.75,Fixation
558,Trial001,4223473085,575.21,650.01,575.21,650.01,Fixation
559,Trial001,4223506315,577.94,648.26,577.94,648.26,Fixation
560,Trial001,4223540049,658.96,514.34,658.96,514.34,Saccade
561,Trial001,4223573064,686.04,465.92,686.04,465.92,Saccade
562,Trial001,4223607332,688.47,451.96,688.47,451.96,Fixation
563,Trial001,4223639695,701.64,446.57,701.64,446.57,Fixation
564,Trial001,4223673078,700.56,445.16,700.56,445.16,Fixation
565,Trial001,4223706355,704.58,442.78,704.58,442.78,Fixation
566,Trial001,4223739682,702.55,442.91,702.55,442.91,Fixation
567,Trial001,4223773040,705.04,443.22,705.04,443.22,Fixation
568,Trial001,4223806347,705.8,442.19,705.8,442.19,Fixation
569,Trial001,4223839604,649.5,241.86,649.5,241.86,Saccade
570,Trial001,4223872959,650.37,240.78,650.37,240.78,Fixation
571,Trial001,4223906212,648.42,228.69,648.42,228.69,Fixation
572,Trial001,4223939665,643.25,232.18,643.25,232.18,Fixation
573,Trial001,4223972978,641.3,234.44,641.3,234.44,Fixation
574,Trial001,4224006337,639.12,235.63,639.12,235.63,Fixation
575,Trial001,4224039650,501.54,654.26,501.54,654.26,Saccade
576,Trial001,4224073008,494.9,675.4,494.9,675.4,Fixation
577,Trial001,4224106345,496.68,682.46,496.68,682.46,Fixation
578,Trial001,4224139650,497.19,684.14,497.19,684.14,Fixation
579,Trial001,4224173020,495.29,683.79,495.29,683.79,Fixation
580,Trial001,4224206230,496.16,685.66,496.16,685.66,Fixation
581,Trial001,4224239517,494.99,685.68,494.99,685.68,Fixation
582,Trial001,4224272994,497.62,687.37,497.62,687.37,Fixation
583,Trial001,4224306422,499.12,677.3,499.12,677.3,Fixation
584,Trial001,4224339630,505.23,663.98,505.23,663.98,Fixation
585,Trial001,4224372907,509.51,659.74,509.51,659.74,Fixation
586,Trial001,4224406305,510.68,658.07,510.68,658.07,Fixation
587,Trial001,4224439620,517.25,647.74,517.25,647.74,Fixation
588,Trial001,4224472982,519.48,649.33,519.48,649.33,Fixation
589,Trial001,4224506281,521.99,643.41,521.99,643.41,Fixation
